PMID,Title,Authors,Citation,First Author,Journal/Book,Publication Year,Create Date,PMCID,NIHMS ID,DOI
"25388133","Leptospirosis in humans","Haake DA, Levett PN.","Curr Top Microbiol Immunol. 2015;387:65-97. doi: 10.1007/978-3-662-45059-8_5.","Haake DA","Curr Top Microbiol Immunol","2015","2014/11/13","PMC4442676","NIHMS690013","10.1007/978-3-662-45059-8_5"
"29149298","Vector-borne diseases and climate change: a European perspective","Semenza JC, Suk JE.","FEMS Microbiol Lett. 2018 Feb 1;365(2):fnx244. doi: 10.1093/femsle/fnx244.","Semenza JC","FEMS Microbiol Lett","2018","2017/11/18","PMC5812531","","10.1093/femsle/fnx244"
"31847373","Climate Change, Health and Mosquito-Borne Diseases: Trends and Implications to the Pacific Region","Filho WL, Scheday S, Boenecke J, Gogoi A, Maharaj A, Korovou S.","Int J Environ Res Public Health. 2019 Dec 14;16(24):5114. doi: 10.3390/ijerph16245114.","Filho WL","Int J Environ Res Public Health","2019","2019/12/19","PMC6950258","","10.3390/ijerph16245114"
"29845521","Arboviruses: A Family on the Move","Young PR.","Adv Exp Med Biol. 2018;1062:1-10. doi: 10.1007/978-981-10-8727-1_1.","Young PR","Adv Exp Med Biol","2018","2018/05/31","","","10.1007/978-981-10-8727-1_1"
"31285696","Climate change and infectious diseases: What can we expect?","Ogden NH, Gachon P.","Can Commun Dis Rep. 2019 Apr 4;45(4):76-80. doi: 10.14745/ccdr.v45i04a01. eCollection 2019 Apr 4.","Ogden NH","Can Commun Dis Rep","2019","2019/07/10","PMC6587697","","10.14745/ccdr.v45i04a01"
"31182801","The current and future global distribution and population at risk of dengue","Messina JP, Brady OJ, Golding N, Kraemer MUG, Wint GRW, Ray SE, Pigott DM, Shearer FM, Johnson K, Earl L, Marczak LB, Shirude S, Davis Weaver N, Gilbert M, Velayudhan R, Jones P, Jaenisch T, Scott TW, Reiner RC Jr, Hay SI.","Nat Microbiol. 2019 Sep;4(9):1508-1515. doi: 10.1038/s41564-019-0476-8. Epub 2019 Jun 10.","Messina JP","Nat Microbiol","2019","2019/06/12","PMC6784886","","10.1038/s41564-019-0476-8"
"31196187","Impact of past and on-going changes on climate and weather on vector-borne diseases transmission: a look at the evidence","Fouque F, Reeder JC.","Infect Dis Poverty. 2019 Jun 13;8(1):51. doi: 10.1186/s40249-019-0565-1.","Fouque F","Infect Dis Poverty","2019","2019/06/15","PMC6567422","","10.1186/s40249-019-0565-1"
"29219091","Potential impact of climate change on emerging vector-borne and other infections in the UK","Baylis M.","Environ Health. 2017 Dec 5;16(Suppl 1):112. doi: 10.1186/s12940-017-0326-1.","Baylis M","Environ Health","2017","2017/12/09","PMC5773876","","10.1186/s12940-017-0326-1"
"30921321","Global expansion and redistribution of Aedes-borne virus transmission risk with climate change","Ryan SJ, Carlson CJ, Mordecai EA, Johnson LR.","PLoS Negl Trop Dis. 2019 Mar 28;13(3):e0007213. doi: 10.1371/journal.pntd.0007213. eCollection 2019 Mar.","Ryan SJ","PLoS Negl Trop Dis","2019","2019/03/29","PMC6438455","","10.1371/journal.pntd.0007213"
"28270154","Pandemics, pathogenicity and changing molecular epidemiology of cholera in the era of global warming","Chowdhury FR, Nur Z, Hassan N, von Seidlein L, Dunachie S.","Ann Clin Microbiol Antimicrob. 2017 Mar 7;16(1):10. doi: 10.1186/s12941-017-0185-1.","Chowdhury FR","Ann Clin Microbiol Antimicrob","2017","2017/03/09","PMC5341193","","10.1186/s12941-017-0185-1"
"29500926","Effects of climate change on the spread of zika virus: a public health threat","Asad H, Carpenter DO.","Rev Environ Health. 2018 Mar 28;33(1):31-42. doi: 10.1515/reveh-2017-0042.","Asad H","Rev Environ Health","2018","2018/03/04","","","10.1515/reveh-2017-0042"
"31286630","Thermal biology of mosquito-borne disease","Mordecai EA, Caldwell JM, Grossman MK, Lippi CA, Johnson LR, Neira M, Rohr JR, Ryan SJ, Savage V, Shocket MS, Sippy R, Stewart Ibarra AM, Thomas MB, Villena O.","Ecol Lett. 2019 Oct;22(10):1690-1708. doi: 10.1111/ele.13335. Epub 2019 Jul 8.","Mordecai EA","Ecol Lett","2019","2019/07/10","PMC6744319","NIHMS1036326","10.1111/ele.13335"
"30833735","Past and future spread of the arbovirus vectors Aedes aegypti and Aedes albopictus","Kraemer MUG, Reiner RC Jr, Brady OJ, Messina JP, Gilbert M, Pigott DM, Yi D, Johnson K, Earl L, Marczak LB, Shirude S, Davis Weaver N, Bisanzio D, Perkins TA, Lai S, Lu X, Jones P, Coelho GE, Carvalho RG, Van Bortel W, Marsboom C, Hendrickx G, Schaffner F, Moore CG, Nax HH, Bengtsson L, Wetter E, Tatem AJ, Brownstein JS, Smith DL, Lambrechts L, Cauchemez S, Linard C, Faria NR, Pybus OG, Scott TW, Liu Q, Yu H, Wint GRW, Hay SI, Golding N.","Nat Microbiol. 2019 May;4(5):854-863. doi: 10.1038/s41564-019-0376-y. Epub 2019 Mar 4.","Kraemer MUG","Nat Microbiol","2019","2019/03/06","PMC6522366","EMS81409","10.1038/s41564-019-0376-y"
"29845523","Reliable Serological Testing for the Diagnosis of Emerging Infectious Diseases","Ohst C, Saschenbrecker S, Stiba K, Steinhagen K, Probst C, Radzimski C, Lattwein E, Komorowski L, Stöcker W, Schlumberger W.","Adv Exp Med Biol. 2018;1062:19-43. doi: 10.1007/978-981-10-8727-1_3.","Ohst C","Adv Exp Med Biol","2018","2018/05/31","","","10.1007/978-981-10-8727-1_3"
"30404142","Effects of the Environmental Temperature on Aedes aegypti and Aedes albopictus Mosquitoes: A Review","Reinhold JM, Lazzari CR, Lahondère C.","Insects. 2018 Nov 6;9(4):158. doi: 10.3390/insects9040158.","Reinhold JM","Insects","2018","2018/11/09","PMC6316560","","10.3390/insects9040158"
"8604175","Global climate change and emerging infectious diseases","Patz JA, Epstein PR, Burke TA, Balbus JM.","JAMA. 1996 Jan 17;275(3):217-23.","Patz JA","JAMA","1996","1996/01/17","","",""
"31242144","2019: A Year of Challenges and Change","","MEDICC Rev. 2019 Jan;21(1):3.","","MEDICC Rev","2019","2019/06/27","","",""
"31927301","Reviewing estimates of the basic reproduction number for dengue, Zika and chikungunya across global climate zones","Liu Y, Lillepold K, Semenza JC, Tozan Y, Quam MBM, Rocklöv J.","Environ Res. 2020 Mar;182:109114. doi: 10.1016/j.envres.2020.109114. Epub 2020 Jan 3.","Liu Y","Environ Res","2020","2020/01/14","","","10.1016/j.envres.2020.109114"
"30919662","Climate change and dengue risk in central region of Thailand","Langkulsen U, Promsakha Na Sakolnakhon K, James N.","Int J Environ Health Res. 2020 Jun;30(3):327-335. doi: 10.1080/09603123.2019.1599100. Epub 2019 Mar 28.","Langkulsen U","Int J Environ Health Res","2020","2019/03/29","","","10.1080/09603123.2019.1599100"
"30596764","Mapping the global potential distributions of two arboviral vectors Aedes aegypti and Ae. albopictus under changing climate","Kamal M, Kenawy MA, Rady MH, Khaled AS, Samy AM.","PLoS One. 2018 Dec 31;13(12):e0210122. doi: 10.1371/journal.pone.0210122. eCollection 2018.","Kamal M","PLoS One","2018","2019/01/01","PMC6312308","","10.1371/journal.pone.0210122"
"26179810","Emerging and changing viral diseases in the new millennium","Scully C, Samaranayake LP.","Oral Dis. 2016 Apr;22(3):171-9. doi: 10.1111/odi.12356. Epub 2015 Aug 6.","Scully C","Oral Dis","2016","2015/07/17","PMC7167660","","10.1111/odi.12356"
"29220773","Climate change and dengue fever transmission in China: Evidences and challenges","Li C, Lu Y, Liu J, Wu X.","Sci Total Environ. 2018 May 1;622-623:493-501. doi: 10.1016/j.scitotenv.2017.11.326. Epub 2017 Dec 13.","Li C","Sci Total Environ","2018","2017/12/09","","","10.1016/j.scitotenv.2017.11.326"
"30984169","Infectious Disease Threats in the Twenty-First Century: Strengthening the Global Response","Bloom DE, Cadarette D.","Front Immunol. 2019 Mar 28;10:549. doi: 10.3389/fimmu.2019.00549. eCollection 2019.","Bloom DE","Front Immunol","2019","2019/04/16","PMC6447676","","10.3389/fimmu.2019.00549"
"33245883","Knowledge, attitudes, and practices on climate change and dengue in Lao People's Democratic Republic and Thailand","Rahman MS, Overgaard HJ, Pientong C, Mayxay M, Ekalaksananan T, Aromseree S, Phanthanawiboon S, Zafar S, Shipin O, Paul RE, Phommachanh S, Pongvongsa T, Vannavong N, Haque U.","Environ Res. 2020 Nov 24:110509. doi: 10.1016/j.envres.2020.110509. Online ahead of print.","Rahman MS","Environ Res","2020","2020/11/27","","","10.1016/j.envres.2020.110509"
"28763150","Pneumonia in the tropics","Lim TK, Siow WT.","Respirology. 2018 Jan;23(1):28-35. doi: 10.1111/resp.13137. Epub 2017 Aug 1.","Lim TK","Respirology","2018","2017/08/02","PMC7169137","","10.1111/resp.13137"
"24669859","Climate change and dengue: a critical and systematic review of quantitative modelling approaches","Naish S, Dale P, Mackenzie JS, McBride J, Mengersen K, Tong S.","BMC Infect Dis. 2014 Mar 26;14:167. doi: 10.1186/1471-2334-14-167.","Naish S","BMC Infect Dis","2014","2014/03/28","PMC3986908","","10.1186/1471-2334-14-167"
"32612364","Vietnam Climate Change and Health Vulnerability and Adaptation Assessment, 2018","Tuyet Hanh TT, Huong LTT, Huong NTL, Linh TNQ, Quyen NH, Nhung NTT, Ebi K, Cuong ND, Van Nhu H, Kien TM, Hales S, Cuong DM, Tho NTT, Toan LQ, Bich NN, Van Minh H.","Environ Health Insights. 2020 Jun 22;14:1178630220924658. doi: 10.1177/1178630220924658. eCollection 2020.","Tuyet Hanh TT","Environ Health Insights","2020","2020/07/03","PMC7309337","","10.1177/1178630220924658"
"32119666","Projecting the future of dengue under climate change scenarios: Progress, uncertainties and research needs","Xu Z, Bambrick H, Frentiu FD, Devine G, Yakob L, Williams G, Hu W.","PLoS Negl Trop Dis. 2020 Mar 2;14(3):e0008118. doi: 10.1371/journal.pntd.0008118. eCollection 2020 Mar.","Xu Z","PLoS Negl Trop Dis","2020","2020/03/03","PMC7067491","","10.1371/journal.pntd.0008118"
"26931438","Research on Climate and Dengue in Malaysia: A Systematic Review","Hii YL, Zaki RA, Aghamohammadi N, Rocklöv J.","Curr Environ Health Rep. 2016 Mar;3(1):81-90. doi: 10.1007/s40572-016-0078-z.","Hii YL","Curr Environ Health Rep","2016","2016/03/03","PMC4789198","","10.1007/s40572-016-0078-z"
"30872300","Global warming and arboviral infections","Whitehorn J, Yacoub S.","Clin Med (Lond). 2019 Mar;19(2):149-152. doi: 10.7861/clinmedicine.19-2-149.","Whitehorn J","Clin Med (Lond)","2019","2019/03/16","PMC6454362","","10.7861/clinmedicine.19-2-149"
"32758966","Dengue situation in India: Suitability and transmission potential model for present and projected climate change scenarios","Kakarla SG, Bhimala KR, Kadiri MR, Kumaraswamy S, Mutheneni SR.","Sci Total Environ. 2020 Oct 15;739:140336. doi: 10.1016/j.scitotenv.2020.140336. Epub 2020 Jun 19.","Kakarla SG","Sci Total Environ","2020","2020/08/08","","","10.1016/j.scitotenv.2020.140336"
"32698499","Global Research Output and Theme Trends on Climate Change and Infectious Diseases: A Restrospective Bibliometric and Co-Word Biclustering Investigation of Papers Indexed in PubMed (1999-2018)","Li F, Zhou H, Huang DS, Guan P.","Int J Environ Res Public Health. 2020 Jul 20;17(14):5228. doi: 10.3390/ijerph17145228.","Li F","Int J Environ Res Public Health","2020","2020/07/24","PMC7400491","","10.3390/ijerph17145228"
"25688023","Climate change influences on global distributions of dengue and chikungunya virus vectors","Campbell LP, Luther C, Moo-Llanes D, Ramsey JM, Danis-Lozano R, Peterson AT.","Philos Trans R Soc Lond B Biol Sci. 2015 Apr 5;370(1665):20140135. doi: 10.1098/rstb.2014.0135.","Campbell LP","Philos Trans R Soc Lond B Biol Sci","2015","2015/02/18","PMC4342968","","10.1098/rstb.2014.0135"
"29929827","Ocular manifestations of emerging arboviruses: Dengue fever, Chikungunya, Zika virus, West Nile virus, and yellow fever","Merle H, Donnio A, Jean-Charles A, Guyomarch J, Hage R, Najioullah F, Césaire R, Cabié A.","J Fr Ophtalmol. 2018 Jun;41(6):e235-e243. doi: 10.1016/j.jfo.2018.05.002. Epub 2018 Jun 19.","Merle H","J Fr Ophtalmol","2018","2018/06/23","","","10.1016/j.jfo.2018.05.002"
"23787891","Health effects of drought: a systematic review of the evidence","Stanke C, Kerac M, Prudhomme C, Medlock J, Murray V.","PLoS Curr. 2013 Jun 5;5:ecurrents.dis.7a2cee9e980f91ad7697b570bcc4b004. doi: 10.1371/currents.dis.7a2cee9e980f91ad7697b570bcc4b004.","Stanke C","PLoS Curr","2013","2013/06/22","PMC3682759","","10.1371/currents.dis.7a2cee9e980f91ad7697b570bcc4b004"
"20947468","Global climate change and children's health: threats and strategies for prevention","Sheffield PE, Landrigan PJ.","Environ Health Perspect. 2011 Mar;119(3):291-8. doi: 10.1289/ehp.1002233. Epub 2010 Oct 14.","Sheffield PE","Environ Health Perspect","2011","2010/10/16","PMC3059989","","10.1289/ehp.1002233"
"32569752","Climate change and viral emergence: evidence from Aedes-borne arboviruses","Robert MA, Stewart-Ibarra AM, Estallo EL.","Curr Opin Virol. 2020 Feb;40:41-47. doi: 10.1016/j.coviro.2020.05.001. Epub 2020 Jun 20.","Robert MA","Curr Opin Virol","2020","2020/06/23","PMC7305058","","10.1016/j.coviro.2020.05.001"
"32328786","Modeling and prediction of dengue occurrences in Kolkata, India, based on climate factors","Bal S, Sodoudi S.","Int J Biometeorol. 2020 Aug;64(8):1379-1391. doi: 10.1007/s00484-020-01918-9. Epub 2020 Apr 23.","Bal S","Int J Biometeorol","2020","2020/04/25","","","10.1007/s00484-020-01918-9"
"29911144","Emergence of dengue in Nepal","Gupta BP, Lamsal M, Chaulagain S, Rauniyar R, Malla R, Shrestha S, Kurmi R, Das Manandhar K.","Virusdisease. 2018 Jun;29(2):129-133. doi: 10.1007/s13337-018-0439-3. Epub 2018 Feb 17.","Gupta BP","Virusdisease","2018","2018/06/19","PMC6003061","","10.1007/s13337-018-0439-3"
"32703273","Climate change induced vulnerability and adaption for dengue incidence in Colombo and Kandy districts: the detailed investigation in Sri Lanka","Udayanga L, Gunathilaka N, Iqbal MCM, Abeyewickreme W.","Infect Dis Poverty. 2020 Jul 23;9(1):102. doi: 10.1186/s40249-020-00717-z.","Udayanga L","Infect Dis Poverty","2020","2020/07/25","PMC7376859","","10.1186/s40249-020-00717-z"
"24058050","Climate and dengue transmission: evidence and implications","Morin CW, Comrie AC, Ernst K.","Environ Health Perspect. 2013 Nov-Dec;121(11-12):1264-72. doi: 10.1289/ehp.1306556. Epub 2013 Sep 20.","Morin CW","Environ Health Perspect","2013","2013/09/24","PMC3855512","","10.1289/ehp.1306556"
"32974244","Pediatric Critical Care and the Climate Emergency: Our Responsibilities and a Call for Change","Wooldridge G, Murthy S.","Front Pediatr. 2020 Aug 20;8:472. doi: 10.3389/fped.2020.00472. eCollection 2020.","Wooldridge G","Front Pediatr","2020","2020/09/25","PMC7468581","","10.3389/fped.2020.00472"
"27482902","Climate Change and the Arboviruses: Lessons from the Evolution of the Dengue and Yellow Fever Viruses","Tabachnick WJ.","Annu Rev Virol. 2016 Sep 29;3(1):125-145. doi: 10.1146/annurev-virology-110615-035630. Epub 2016 Jul 22.","Tabachnick WJ","Annu Rev Virol","2016","2016/08/03","","","10.1146/annurev-virology-110615-035630"
"29450063","Climate change and infectious diseases","Flahault A, de Castaneda RR, Bolon I.","Public Health Rev. 2016 Oct 27;37:21. doi: 10.1186/s40985-016-0035-2. eCollection 2016.","Flahault A","Public Health Rev","2016","2018/02/17","PMC5810060","","10.1186/s40985-016-0035-2"
"25474614","Social justice, climate change, and dengue","Chang AY, Fuller DO, Carrasquillo O, Beier JC.","Health Hum Rights. 2014 Jun 14;16(1):93-104.","Chang AY","Health Hum Rights","2014","2014/12/05","","",""
"27457660","Projections of increased and decreased dengue incidence under climate change","Williams CR, Mincham G, Faddy H, Viennet E, Ritchie SA, Harley D.","Epidemiol Infect. 2016 Oct;144(14):3091-3100. doi: 10.1017/S095026881600162X. Epub 2016 Jul 26.","Williams CR","Epidemiol Infect","2016","2016/07/27","","","10.1017/S095026881600162X"
"32939230","Present and future climatic suitability for dengue fever in Africa","Sintayehu DW, Tassie N, De Boer WF.","Infect Ecol Epidemiol. 2020 Jun 19;10(1):1782042. doi: 10.1080/20008686.2020.1782042.","Sintayehu DW","Infect Ecol Epidemiol","2020","2020/09/17","PMC7480615","","10.1080/20008686.2020.1782042"
"31839187","The dengue epidemic and climate change in Nepal","Pandey BD, Costello A.","Lancet. 2019 Dec 14;394(10215):2150-2151. doi: 10.1016/S0140-6736(19)32689-3.","Pandey BD","Lancet","2019","2019/12/17","","","10.1016/S0140-6736(19)32689-3"
"27197685","Urban climate versus global climate change-what makes the difference for dengue?","Misslin R, Telle O, Daudé E, Vaguet A, Paul RE.","Ann N Y Acad Sci. 2016 Oct;1382(1):56-72. doi: 10.1111/nyas.13084. Epub 2016 May 19.","Misslin R","Ann N Y Acad Sci","2016","2016/05/21","","","10.1111/nyas.13084"
"33069704","COVID-19 pandemic, dengue epidemic, and climate change vulnerability in Bangladesh: Scenario assessment for strategic management and policy implications","Rahman MM, Bodrud-Doza M, Shammi M, Md Towfiqul Islam AR, Moniruzzaman Khan AS.","Environ Res. 2021 Jan;192:110303. doi: 10.1016/j.envres.2020.110303. Epub 2020 Oct 16.","Rahman MM","Environ Res","2021","2020/10/18","PMC7561529","","10.1016/j.envres.2020.110303"
"31296193","The threat of climate change to non-dengue-endemic countries: increasing risk of dengue transmission potential using climate and non-climate datasets","Lee JS, Farlow A.","BMC Public Health. 2019 Jul 11;19(1):934. doi: 10.1186/s12889-019-7282-3.","Lee JS","BMC Public Health","2019","2019/07/13","PMC6625070","","10.1186/s12889-019-7282-3"
"27475051","Dengue in a changing climate","Ebi KL, Nealon J.","Environ Res. 2016 Nov;151:115-123. doi: 10.1016/j.envres.2016.07.026. Epub 2016 Jul 29.","Ebi KL","Environ Res","2016","2016/08/01","","","10.1016/j.envres.2016.07.026"
"33212957","Climate Change, Water Quality and Water-Related Challenges: A Review with Focus on Pakistan","Ahmed T, Zounemat-Kermani M, Scholz M.","Int J Environ Res Public Health. 2020 Nov 17;17(22):8518. doi: 10.3390/ijerph17228518.","Ahmed T","Int J Environ Res Public Health","2020","2020/11/20","PMC7698392","","10.3390/ijerph17228518"
"32474308","Local actions to health risks of heatwaves and dengue fever under climate change: Strategies and barriers among primary healthcare professionals in southern China","Yang L, Liu C, Bi P, Vardoulakis S, Huang C.","Environ Res. 2020 Aug;187:109688. doi: 10.1016/j.envres.2020.109688. Epub 2020 May 20.","Yang L","Environ Res","2020","2020/06/01","","","10.1016/j.envres.2020.109688"
"31564731","Viral haemorrhagic fevers in the Middle East","Zakham F, Alaloui A, Levanov L, Vapalahti O.","Rev Sci Tech. 2019 May;38(1):185-198. doi: 10.20506/rst.38.1.2952.","Zakham F","Rev Sci Tech","2019","2019/10/01","","","10.20506/rst.38.1.2952"
"28775974","Animal models for dengue vaccine development and testing","Na W, Yeom M, Choi IK, Yook H, Song D.","Clin Exp Vaccine Res. 2017 Jul;6(2):104-110. doi: 10.7774/cevr.2017.6.2.104. Epub 2017 Jul 26.","Na W","Clin Exp Vaccine Res","2017","2017/08/05","PMC5540958","","10.7774/cevr.2017.6.2.104"
"32311903","Climate factors and the East Asian summer monsoon may drive large outbreaks of dengue in China","Liu K, Hou X, Ren Z, Lowe R, Wang Y, Li R, Liu X, Sun J, Lu L, Song X, Wu H, Wang J, Yao W, Zhang C, Sang S, Gao Y, Li J, Li J, Xu L, Liu Q.","Environ Res. 2020 Apr;183:109190. doi: 10.1016/j.envres.2020.109190. Epub 2020 Feb 1.","Liu K","Environ Res","2020","2020/04/22","","","10.1016/j.envres.2020.109190"
"30759739","Genetic Determinants of the Re-Emergence of Arboviral Diseases","Ketkar H, Herman D, Wang P.","Viruses. 2019 Feb 12;11(2):150. doi: 10.3390/v11020150.","Ketkar H","Viruses","2019","2019/02/15","PMC6410223","","10.3390/v11020150"
"25872683","Clustering, climate and dengue transmission","Junxiong P, Yee-Sin L.","Expert Rev Anti Infect Ther. 2015 Jun;13(6):731-40. doi: 10.1586/14787210.2015.1028364. Epub 2015 Apr 15.","Junxiong P","Expert Rev Anti Infect Ther","2015","2015/04/16","","","10.1586/14787210.2015.1028364"
"31701852","Dengue Incidence and Sociodemographic Conditions in Pucallpa, Peruvian Amazon: What Role for Modification of the Dengue-Temperature Relationship?","Charette M, Berrang-Ford L, Coomes O, Llanos-Cuentas EA, Cárcamo C, Kulkarni M, Harper SL.","Am J Trop Med Hyg. 2020 Jan;102(1):180-190. doi: 10.4269/ajtmh.19-0033.","Charette M","Am J Trop Med Hyg","2020","2019/11/09","PMC6947766","","10.4269/ajtmh.19-0033"
"30347771","Climate Change Adaptation through the Water-Energy-Food Nexus in Southern Africa","Mpandeli S, Naidoo D, Mabhaudhi T, Nhemachena C, Nhamo L, Liphadzi S, Hlahla S, Modi AT.","Int J Environ Res Public Health. 2018 Oct 19;15(10):2306. doi: 10.3390/ijerph15102306.","Mpandeli S","Int J Environ Res Public Health","2018","2018/10/24","PMC6210720","","10.3390/ijerph15102306"
"31340512","Scoping Review of Climate Change and Health Research in the Philippines: A Complementary Tool in Research Agenda-Setting","Chua PL, Dorotan MM, Sigua JA, Estanislao RD, Hashizume M, Salazar MA.","Int J Environ Res Public Health. 2019 Jul 23;16(14):2624. doi: 10.3390/ijerph16142624.","Chua PL","Int J Environ Res Public Health","2019","2019/07/26","PMC6679087","","10.3390/ijerph16142624"
"31175008","Temperature impacts on dengue emergence in the United States: Investigating the role of seasonality and climate change","Robert MA, Christofferson RC, Weber PD, Wearing HJ.","Epidemics. 2019 Sep;28:100344. doi: 10.1016/j.epidem.2019.05.003. Epub 2019 Jun 5.","Robert MA","Epidemics","2019","2019/06/09","PMC6791375","NIHMS1538855","10.1016/j.epidem.2019.05.003"
"29953493","Potential effects of climate change on dengue transmission dynamics in Korea","Lee H, Kim JE, Lee S, Lee CH.","PLoS One. 2018 Jun 28;13(6):e0199205. doi: 10.1371/journal.pone.0199205. eCollection 2018.","Lee H","PLoS One","2018","2018/06/29","PMC6023222","","10.1371/journal.pone.0199205"
"32977703","Dengue and Zika Viruses: Epidemiological History, Potential Therapies, and Promising Vaccines","Silva NM, Santos NC, Martins IC.","Trop Med Infect Dis. 2020 Sep 23;5(4):150. doi: 10.3390/tropicalmed5040150.","Silva NM","Trop Med Infect Dis","2020","2020/09/26","PMC7709709","","10.3390/tropicalmed5040150"
"32361079","Assessing and modelling vulnerability to dengue in the Mekong Delta of Vietnam by geospatial and time-series approaches","Pham NTT, Nguyen CT, Vu HH.","Environ Res. 2020 Jul;186:109545. doi: 10.1016/j.envres.2020.109545. Epub 2020 Apr 23.","Pham NTT","Environ Res","2020","2020/05/04","","","10.1016/j.envres.2020.109545"
"33365050","Chromatin Structure and Function in Mosquitoes","Lezcano ÓM, Sánchez-Polo M, Ruiz JL, Gómez-Díaz E.","Front Genet. 2020 Dec 7;11:602949. doi: 10.3389/fgene.2020.602949. eCollection 2020.","Lezcano ÓM","Front Genet","2020","2020/12/28","PMC7750206","","10.3389/fgene.2020.602949"
"31887118","A dengue fever predicting model based on Baidu search index data and climate data in South China","Liu D, Guo S, Zou M, Chen C, Deng F, Xie Z, Hu S, Wu L.","PLoS One. 2019 Dec 30;14(12):e0226841. doi: 10.1371/journal.pone.0226841. eCollection 2019.","Liu D","PLoS One","2019","2019/12/31","PMC6936853","","10.1371/journal.pone.0226841"
"31249824","Estimating Past, Present, and Future Trends in the Global Distribution and Abundance of the Arbovirus Vector Aedes aegypti Under Climate Change Scenarios","Liu-Helmersson J, Brännström Å, Sewe MO, Semenza JC, Rocklöv J.","Front Public Health. 2019 Jun 12;7:148. doi: 10.3389/fpubh.2019.00148. eCollection 2019.","Liu-Helmersson J","Front Public Health","2019","2019/06/29","PMC6582658","","10.3389/fpubh.2019.00148"
"31261672","Modeling and Predicting Dengue Incidence in Highly Vulnerable Countries using Panel Data Approach","Anwar A, Khan N, Ayub M, Nawaz F, Shah A, Flahault A.","Int J Environ Res Public Health. 2019 Jun 28;16(13):2296. doi: 10.3390/ijerph16132296.","Anwar A","Int J Environ Res Public Health","2019","2019/07/03","PMC6650977","","10.3390/ijerph16132296"
"17803458","Dengue virus-mosquito interactions","Halstead SB.","Annu Rev Entomol. 2008;53:273-91. doi: 10.1146/annurev.ento.53.103106.093326.","Halstead SB","Annu Rev Entomol","2008","2007/09/07","","","10.1146/annurev.ento.53.103106.093326"
"32810503","Environmental drivers, climate change and emergent diseases transmitted by mosquitoes and their vectors in southern Europe: A systematic review","Brugueras S, Fernández-Martínez B, Martínez-de la Puente J, Figuerola J, Porro TM, Rius C, Larrauri A, Gómez-Barroso D.","Environ Res. 2020 Dec;191:110038. doi: 10.1016/j.envres.2020.110038. Epub 2020 Aug 15.","Brugueras S","Environ Res","2020","2020/08/19","","","10.1016/j.envres.2020.110038"
"30541601","Data and tools to integrate climate and environmental information into public health","Ceccato P, Ramirez B, Manyangadze T, Gwakisa P, Thomson MC.","Infect Dis Poverty. 2018 Nov 29;7(1):126. doi: 10.1186/s40249-018-0501-9.","Ceccato P","Infect Dis Poverty","2018","2018/12/14","PMC6292116","","10.1186/s40249-018-0501-9"
"32741233","Transmission dynamics of dengue and chikungunya in a changing climate: do we understand the eco-evolutionary response?","Tozan Y, Sjödin H, Muñoz ÁG, Rocklöv J.","Expert Rev Anti Infect Ther. 2020 Dec;18(12):1187-1193. doi: 10.1080/14787210.2020.1794814. Epub 2020 Aug 1.","Tozan Y","Expert Rev Anti Infect Ther","2020","2020/08/04","","","10.1080/14787210.2020.1794814"
"27322480","Climate Change and Aedes Vectors: 21st Century Projections for Dengue Transmission in Europe","Liu-Helmersson J, Quam M, Wilder-Smith A, Stenlund H, Ebi K, Massad E, Rocklöv J.","EBioMedicine. 2016 May;7:267-77. doi: 10.1016/j.ebiom.2016.03.046. Epub 2016 Apr 2.","Liu-Helmersson J","EBioMedicine","2016","2016/06/21","PMC4909611","","10.1016/j.ebiom.2016.03.046"
"31256248","Non-parametric tests and multivariate analysis applied to reported dengue cases in Brazil","de Oliveira-Júnior JF, Gois G, da Silva EB, Teodoro PE, Johann JA, Junior CAS.","Environ Monit Assess. 2019 Jun 29;191(7):473. doi: 10.1007/s10661-019-7583-0.","de Oliveira-Júnior JF","Environ Monit Assess","2019","2019/07/01","","","10.1007/s10661-019-7583-0"
"31373583","Dengue Cases in Colombia: Mathematical Forecasts for 2018-2022","López-Montenegro LE, Pulecio-Montoya AM, Marcillo-Hernández GA.","MEDICC Rev. 2019 Apr-Jul;21(2-3):38-45.","López-Montenegro LE","MEDICC Rev","2019","2019/08/03","","",""
"28441781","Dengue Virus Non-Structural Protein 5","El Sahili A, Lescar J.","Viruses. 2017 Apr 24;9(4):91. doi: 10.3390/v9040091.","El Sahili A","Viruses","2017","2017/04/27","PMC5408697","","10.3390/v9040091"
"24893017","Climate change and the potential global distribution of Aedes aegypti: spatial modelling using GIS and CLIMEX","Khormi HM, Kumar L.","Geospat Health. 2014 May;8(2):405-15. doi: 10.4081/gh.2014.29.","Khormi HM","Geospat Health","2014","2014/06/04","","","10.4081/gh.2014.29"
"32325980","Systematic Review of Important Viral Diseases in Africa in Light of the 'One Health' Concept","Chauhan RP, Dessie ZG, Noreddin A, El Zowalaty ME.","Pathogens. 2020 Apr 20;9(4):301. doi: 10.3390/pathogens9040301.","Chauhan RP","Pathogens","2020","2020/04/25","PMC7238228","","10.3390/pathogens9040301"
"30606474","Dengue control in the context of climate change: Views from health professionals in different geographic regions of China","Tong MX, Hansen A, Hanson-Easey S, Xiang J, Cameron S, Liu Q, Liu X, Sun Y, Weinstein P, Han GS, Williams C, Mahmood A, Bi P.","J Infect Public Health. 2019 May-Jun;12(3):388-394. doi: 10.1016/j.jiph.2018.12.010. Epub 2018 Dec 31.","Tong MX","J Infect Public Health","2019","2019/01/05","","","10.1016/j.jiph.2018.12.010"
"32918887","Climate change could shift disease burden from malaria to arboviruses in Africa","Mordecai EA, Ryan SJ, Caldwell JM, Shah MM, LaBeaud AD.","Lancet Planet Health. 2020 Sep;4(9):e416-e423. doi: 10.1016/S2542-5196(20)30178-9.","Mordecai EA","Lancet Planet Health","2020","2020/09/12","PMC7490804","NIHMS1617429","10.1016/S2542-5196(20)30178-9"
"21320241","Dengue transmission in the Asia-Pacific region: impact of climate change and socio-environmental factors","Banu S, Hu W, Hurst C, Tong S.","Trop Med Int Health. 2011 May;16(5):598-607. doi: 10.1111/j.1365-3156.2011.02734.x. Epub 2011 Feb 14.","Banu S","Trop Med Int Health","2011","2011/02/16","","","10.1111/j.1365-3156.2011.02734.x"
"30267170","From dengue to Zika: the wide spread of mosquito-borne arboviruses","Sukhralia S, Verma M, Gopirajan S, Dhanaraj PS, Lal R, Mehla N, Kant CR.","Eur J Clin Microbiol Infect Dis. 2019 Jan;38(1):3-14. doi: 10.1007/s10096-018-3375-7. Epub 2018 Sep 28.","Sukhralia S","Eur J Clin Microbiol Infect Dis","2019","2018/09/30","","","10.1007/s10096-018-3375-7"
"32055230","The alarming outbreaks of dengue in Nepal","Adhikari N, Subedi D.","Trop Med Health. 2020 Feb 7;48:5. doi: 10.1186/s41182-020-0194-1. eCollection 2020.","Adhikari N","Trop Med Health","2020","2020/02/15","PMC7007638","","10.1186/s41182-020-0194-1"
"32543427","Knowledge, attitudes, and practices regarding dengue, chikungunya, and Zika in Cali, Colombia","Desjardins MR, Casas I, Victoria AM, Carbonell D, Dávalos DM, Delmelle EM.","Health Place. 2020 May;63:102339. doi: 10.1016/j.healthplace.2020.102339. Epub 2020 Apr 21.","Desjardins MR","Health Place","2020","2020/06/17","","","10.1016/j.healthplace.2020.102339"
"32384901","Bibliometric analysis of peer-reviewed literature on climate change and human health with an emphasis on infectious diseases","Sweileh WM.","Global Health. 2020 May 8;16(1):44. doi: 10.1186/s12992-020-00576-1.","Sweileh WM","Global Health","2020","2020/05/10","PMC7206222","","10.1186/s12992-020-00576-1"
"27049012","Climate change and health in Bangladesh: a baseline cross-sectional survey","Kabir MI, Rahman MB, Smith W, Lusha MA, Milton AH.","Glob Health Action. 2016 Apr 4;9:29609. doi: 10.3402/gha.v9.29609. eCollection 2016.","Kabir MI","Glob Health Action","2016","2016/04/07","PMC4821870","","10.3402/gha.v9.29609"
"24244765","The effects of weather and climate change on dengue","Colón-González FJ, Fezzi C, Lake IR, Hunter PR.","PLoS Negl Trop Dis. 2013 Nov 14;7(11):e2503. doi: 10.1371/journal.pntd.0002503. eCollection 2013 Nov.","Colón-González FJ","PLoS Negl Trop Dis","2013","2013/11/19","PMC3828158","","10.1371/journal.pntd.0002503"
"23332423","Autoimmunity in dengue pathogenesis","Wan SW, Lin CF, Yeh TM, Liu CC, Liu HS, Wang S, Ling P, Anderson R, Lei HY, Lin YS.","J Formos Med Assoc. 2013 Jan;112(1):3-11. doi: 10.1016/j.jfma.2012.11.006. Epub 2012 Dec 12.","Wan SW","J Formos Med Assoc","2013","2013/01/22","","","10.1016/j.jfma.2012.11.006"
"28284225","How does the dengue vector mosquito Aedes albopictus respond to global warming?","Jia P, Chen X, Chen J, Lu L, Liu Q, Tan X.","Parasit Vectors. 2017 Mar 11;10(1):140. doi: 10.1186/s13071-017-2071-2.","Jia P","Parasit Vectors","2017","2017/03/13","PMC5346228","","10.1186/s13071-017-2071-2"
"32930796","Climate change and dengue fever knowledge, attitudes and practices in Bangladesh: a social media-based cross-sectional survey","Rahman MS, Karamehic-Muratovic A, Baghbanzadeh M, Amrin M, Zafar S, Rahman NN, Shirina SU, Haque U.","Trans R Soc Trop Med Hyg. 2021 Jan 7;115(1):85-93. doi: 10.1093/trstmh/traa093.","Rahman MS","Trans R Soc Trop Med Hyg","2021","2020/09/15","","","10.1093/trstmh/traa093"
"30884421","Climate change may enable Aedes aegypti infestation in major European cities by 2100","Liu-Helmersson J, Rocklöv J, Sewe M, Brännström Å.","Environ Res. 2019 May;172:693-699. doi: 10.1016/j.envres.2019.02.026. Epub 2019 Feb 16.","Liu-Helmersson J","Environ Res","2019","2019/03/19","","","10.1016/j.envres.2019.02.026"
"21737578","The role of climate variability and change in the transmission dynamics and geographic distribution of dengue","Thai KT, Anders KL.","Exp Biol Med (Maywood). 2011 Aug;236(8):944-54. doi: 10.1258/ebm.2011.010402. Epub 2011 Jul 7.","Thai KT","Exp Biol Med (Maywood)","2011","2011/07/09","","","10.1258/ebm.2011.010402"
"31480254","Climatic Conditions: Conventional and Nanotechnology-Based Methods for the Control of Mosquito Vectors Causing Human Health Issues","Ahmed T, Hyder MZ, Liaqat I, Scholz M.","Int J Environ Res Public Health. 2019 Aug 30;16(17):3165. doi: 10.3390/ijerph16173165.","Ahmed T","Int J Environ Res Public Health","2019","2019/09/05","PMC6747303","","10.3390/ijerph16173165"
"29852867","The Development of Peptide-based Antimicrobial Agents against Dengue Virus","Huang YW, Lee CT, Wang TC, Kao YC, Yang CH, Lin YM, Huang KS.","Curr Protein Pept Sci. 2018;19(10):998-1010. doi: 10.2174/1389203719666180531122724.","Huang YW","Curr Protein Pept Sci","2018","2018/06/02","PMC6446661","","10.2174/1389203719666180531122724"
"32584659","The impact of climate change on mosquito-borne diseases in Africa","Giesen C, Roche J, Redondo-Bravo L, Ruiz-Huerta C, Gomez-Barroso D, Benito A, Herrador Z.","Pathog Glob Health. 2020 Sep;114(6):287-301. doi: 10.1080/20477724.2020.1783865. Epub 2020 Jun 25.","Giesen C","Pathog Glob Health","2020","2020/06/26","PMC7480509","","10.1080/20477724.2020.1783865"
"32369951","Past, Present, and Future Vulnerability to Dengue in Jamaica: A Spatial Analysis of Monthly Variations","Henry S, Mendonça AFA.","Int J Environ Res Public Health. 2020 May 1;17(9):3156. doi: 10.3390/ijerph17093156.","Henry S","Int J Environ Res Public Health","2020","2020/05/07","PMC7246587","","10.3390/ijerph17093156"
"32134738","Indonesia: country report on children's environmental health","Haryanto B.","Rev Environ Health. 2020 Mar 26;35(1):41-48. doi: 10.1515/reveh-2019-0088.","Haryanto B","Rev Environ Health","2020","2020/03/06","","","10.1515/reveh-2019-0088"
"32581639","Wolbachia: a possible weapon for controlling dengue in Nepal","Khadka S, Proshad R, Thapa A, Acharya KP, Kormoker T.","Trop Med Health. 2020 Jun 22;48:50. doi: 10.1186/s41182-020-00237-4. eCollection 2020.","Khadka S","Trop Med Health","2020","2020/06/26","PMC7310046","","10.1186/s41182-020-00237-4"
"1820262","Global climate change and infectious diseases","Shope R.","Environ Health Perspect. 1991 Dec;96:171-4. doi: 10.1289/ehp.9196171.","Shope R","Environ Health Perspect","1991","1991/12/01","PMC1568225","","10.1289/ehp.9196171"
"20155369","Climate change and threat of vector-borne diseases in India: are we prepared?","Dhiman RC, Pahwa S, Dhillon GP, Dash AP.","Parasitol Res. 2010 Mar;106(4):763-73. doi: 10.1007/s00436-010-1767-4. Epub 2010 Feb 13.","Dhiman RC","Parasitol Res","2010","2010/02/16","","","10.1007/s00436-010-1767-4"
"22898475","Climate change and human health: Indian context","Singh PK, Dhiman RC.","J Vector Borne Dis. 2012 Jun;49(2):55-60.","Singh PK","J Vector Borne Dis","2012","2012/08/18","","",""
"29377078","Impact of climate change on dermatological conditions related to flooding: update from the International Society of Dermatology Climate Change Committee","Dayrit JF, Bintanjoyo L, Andersen LK, Davis MDP.","Int J Dermatol. 2018 Aug;57(8):901-910. doi: 10.1111/ijd.13901. Epub 2018 Jan 29.","Dayrit JF","Int J Dermatol","2018","2018/01/30","","","10.1111/ijd.13901"
"25491436","Dengue and chikungunya: long-distance spread and outbreaks in naïve areas","Rezza G.","Pathog Glob Health. 2014 Dec;108(8):349-55. doi: 10.1179/2047773214Y.0000000163. Epub 2014 Dec 9.","Rezza G","Pathog Glob Health","2014","2014/12/11","PMC4394667","","10.1179/2047773214Y.0000000163"
"32416077","Aedes-borne disease outbreaks in West Africa: A call for enhanced surveillance","Buchwald AG, Hayden MH, Dadzie SK, Paull SH, Carlton EJ.","Acta Trop. 2020 Sep;209:105468. doi: 10.1016/j.actatropica.2020.105468. Epub 2020 May 19.","Buchwald AG","Acta Trop","2020","2020/05/17","","","10.1016/j.actatropica.2020.105468"
"27742170","The effect of climate change on skin disease in North America","Kaffenberger BH, Shetlar D, Norton SA, Rosenbach M.","J Am Acad Dermatol. 2017 Jan;76(1):140-147. doi: 10.1016/j.jaad.2016.08.014. Epub 2016 Oct 11.","Kaffenberger BH","J Am Acad Dermatol","2017","2016/10/16","","","10.1016/j.jaad.2016.08.014"
"29704626","Understanding dengue virus evolution to support epidemic surveillance and counter-measure development","Pollett S, Melendrez MC, Maljkovic Berry I, Duchêne S, Salje H, Cummings DAT, Jarman RG.","Infect Genet Evol. 2018 Aug;62:279-295. doi: 10.1016/j.meegid.2018.04.032. Epub 2018 Apr 25.","Pollett S","Infect Genet Evol","2018","2018/04/29","PMC6396301","NIHMS971035","10.1016/j.meegid.2018.04.032"
"32098179","Estimating the Threshold Effects of Climate on Dengue: A Case Study of Taiwan","Tran BL, Tseng WC, Chen CC, Liao SY.","Int J Environ Res Public Health. 2020 Feb 21;17(4):1392. doi: 10.3390/ijerph17041392.","Tran BL","Int J Environ Res Public Health","2020","2020/02/27","PMC7068348","","10.3390/ijerph17041392"
"14726459","Global change and human vulnerability to vector-borne diseases","Sutherst RW.","Clin Microbiol Rev. 2004 Jan;17(1):136-73. doi: 10.1128/cmr.17.1.136-173.2004.","Sutherst RW","Clin Microbiol Rev","2004","2004/01/17","PMC321469","","10.1128/cmr.17.1.136-173.2004"
"29305089","How Do Virus-Mosquito Interactions Lead to Viral Emergence?","Rückert C, Ebel GD.","Trends Parasitol. 2018 Apr;34(4):310-321. doi: 10.1016/j.pt.2017.12.004. Epub 2018 Jan 2.","Rückert C","Trends Parasitol","2018","2018/01/07","PMC5879000","NIHMS929580","10.1016/j.pt.2017.12.004"
"28683431","Modeling and projection of dengue fever cases in Guangzhou based on variation of weather factors","Li C, Wang X, Wu X, Liu J, Ji D, Du J.","Sci Total Environ. 2017 Dec 15;605-606:867-873. doi: 10.1016/j.scitotenv.2017.06.181. Epub 2017 Jul 3.","Li C","Sci Total Environ","2017","2017/07/07","","","10.1016/j.scitotenv.2017.06.181"
"32103776","Mosquito-borne viral diseases in the Democratic Republic of the Congo: a review","Mbanzulu KM, Mboera LEG, Luzolo FK, Wumba R, Misinzo G, Kimera SI.","Parasit Vectors. 2020 Feb 27;13(1):103. doi: 10.1186/s13071-020-3985-7.","Mbanzulu KM","Parasit Vectors","2020","2020/02/28","PMC7045448","","10.1186/s13071-020-3985-7"
"23408100","Potential distribution of dengue fever under scenarios of climate change and economic development","Aström C, Rocklöv J, Hales S, Béguin A, Louis V, Sauerborn R.","Ecohealth. 2012 Dec;9(4):448-54. doi: 10.1007/s10393-012-0808-0. Epub 2013 Feb 14.","Aström C","Ecohealth","2012","2013/02/15","","","10.1007/s10393-012-0808-0"
"19296793","Dengue and climate change in Australia: predictions for the future should incorporate knowledge from the past","Russell RC, Currie BJ, Lindsay MD, Mackenzie JS, Ritchie SA, Whelan PI.","Med J Aust. 2009 Mar 2;190(5):265-8. doi: 10.5694/j.1326-5377.2009.tb02393.x.","Russell RC","Med J Aust","2009","2009/03/20","","","10.5694/j.1326-5377.2009.tb02393.x"
"20080481","Global climate change and implications for disease emergence","Slenning BD.","Vet Pathol. 2010 Jan;47(1):28-33. doi: 10.1177/0300985809354465.","Slenning BD","Vet Pathol","2010","2010/01/19","","","10.1177/0300985809354465"
"26086887","Climate Change and Spatiotemporal Distributions of Vector-Borne Diseases in Nepal--A Systematic Synthesis of Literature","Dhimal M, Ahrens B, Kuch U.","PLoS One. 2015 Jun 18;10(6):e0129869. doi: 10.1371/journal.pone.0129869. eCollection 2015.","Dhimal M","PLoS One","2015","2015/06/19","PMC4472520","","10.1371/journal.pone.0129869"
"25808458","Effect of climate change on vector-borne disease risk in the UK","Medlock JM, Leach SA.","Lancet Infect Dis. 2015 Jun;15(6):721-30. doi: 10.1016/S1473-3099(15)70091-5. Epub 2015 Mar 23.","Medlock JM","Lancet Infect Dis","2015","2015/03/27","","","10.1016/S1473-3099(15)70091-5"
"31285699","Could exotic mosquito-borne diseases emerge in Canada with climate change?","Ng V, Rees EE, Lindsay LR, Drebot MA, Brownstone T, Sadeghieh T, Khan SU.","Can Commun Dis Rep. 2019 Apr 4;45(4):98-107. doi: 10.14745/ccdr.v45i04a04. eCollection 2019 Apr 4.","Ng V","Can Commun Dis Rep","2019","2019/07/10","PMC6587696","","10.14745/ccdr.v45i04a04"
"31114946","Aedes Mosquito Infestation in Socioeconomically Contrasting Neighborhoods of Panama City","Whiteman A, Gomez C, Rovira J, Chen G, McMillan WO, Loaiza J.","Ecohealth. 2019 Jun;16(2):210-221. doi: 10.1007/s10393-019-01417-3. Epub 2019 May 21.","Whiteman A","Ecohealth","2019","2019/05/23","","","10.1007/s10393-019-01417-3"
"16216650","Global warming and infectious disease","Khasnis AA, Nettleman MD.","Arch Med Res. 2005 Nov-Dec;36(6):689-96. doi: 10.1016/j.arcmed.2005.03.041.","Khasnis AA","Arch Med Res","2005","2005/10/12","","","10.1016/j.arcmed.2005.03.041"
"30928856","The impact of climate variability on infectious disease transmission in China: Current knowledge and further directions","Yi L, Xu X, Ge W, Xue H, Li J, Li D, Wang C, Wu H, Liu X, Zheng D, Chen Z, Liu Q, Bi P, Li J.","Environ Res. 2019 Jun;173:255-261. doi: 10.1016/j.envres.2019.03.043. Epub 2019 Mar 20.","Yi L","Environ Res","2019","2019/04/01","","","10.1016/j.envres.2019.03.043"
"21905452","Climate change and infectious diseases in New Zealand: a brief review and tentative research agenda","Wilson N, Slaney D, Baker MG, Hales S, Britton E.","Rev Environ Health. 2011;26(2):93-9. doi: 10.1515/reveh.2011.013.","Wilson N","Rev Environ Health","2011","2011/09/13","","","10.1515/reveh.2011.013"
"11250812","Climate change and mosquito-borne disease","Reiter P.","Environ Health Perspect. 2001 Mar;109 Suppl 1(Suppl 1):141-61. doi: 10.1289/ehp.01109s1141.","Reiter P","Environ Health Perspect","2001","2001/03/17","PMC1240549","","10.1289/ehp.01109s1141"
"27801802","Water-Related Impacts of Climate Change on Agriculture and Subsequently on Public Health: A Review for Generalists with Particular Reference to Pakistan","Ahmed T, Scholz M, Al-Faraj F, Niaz W.","Int J Environ Res Public Health. 2016 Oct 27;13(11):1051. doi: 10.3390/ijerph13111051.","Ahmed T","Int J Environ Res Public Health","2016","2016/11/02","PMC5129261","","10.3390/ijerph13111051"
"30743843","Dengue fever in Punjab, Pakistan: Knowledge, perception and adaptation among urban adults","Bakhsh K, Sana F, Ahmad N.","Sci Total Environ. 2018 Dec 10;644:1304-1311. doi: 10.1016/j.scitotenv.2018.07.077. Epub 2018 Jul 13.","Bakhsh K","Sci Total Environ","2018","2019/02/13","","","10.1016/j.scitotenv.2018.07.077"
"33101551","Concomitant malaria, dengue and COVID-19: an extraordinary challenge for Colombia's public health system","Poveda G.","Curr Opin Environ Sustain. 2020 Oct;46:23-26. doi: 10.1016/j.cosust.2020.10.006. Epub 2020 Oct 20.","Poveda G","Curr Opin Environ Sustain","2020","2020/10/26","PMC7574697","","10.1016/j.cosust.2020.10.006"
"31555414","Innovative Preventive and Resilience Approaches Against Aedes-linked Vector-borne Arboviral Diseases Threat and Epidemics Burden in Gulf Council Countries","Tambo E, El Dessouky AG, Khater EIM.","Oman Med J. 2019 Sep;34(5):391-396. doi: 10.5001/omj.2019.73.","Tambo E","Oman Med J","2019","2019/09/27","PMC6745427","","10.5001/omj.2019.73"
"26640300","Dengue: what it is and why there is more","Li Y, Wu S.","Sci Bull Sci Found Philipp. 2015 Apr;60(7):661-664. doi: 10.1007/s11434-015-0756-5. Epub 2015 Mar 6.","Li Y","Sci Bull Sci Found Philipp","2015","2015/12/08","PMC4666553","NIHMS740813","10.1007/s11434-015-0756-5"
"29842982","Mosquito-borne viral diseases and potential transmission blocking vaccine candidates","Bakhshi H, Failloux AB, Zakeri S, Raz A, Dinparast Djadid N.","Infect Genet Evol. 2018 Sep;63:195-203. doi: 10.1016/j.meegid.2018.05.023. Epub 2018 May 26.","Bakhshi H","Infect Genet Evol","2018","2018/05/30","","","10.1016/j.meegid.2018.05.023"
"26403283","A study of the correlation between dengue and weather in Kandy City, Sri Lanka (2003 -2012) and lessons learned","Ehelepola ND, Ariyaratne K, Buddhadasa WM, Ratnayake S, Wickramasinghe M.","Infect Dis Poverty. 2015 Sep 24;4:42. doi: 10.1186/s40249-015-0075-8.","Ehelepola ND","Infect Dis Poverty","2015","2015/09/26","PMC4581090","","10.1186/s40249-015-0075-8"
"32409874","Molecular and evolutionary analysis of dengue virus serotype 2 isolates from Korean travelers in 2015","Hwang EH, Kim G, Oh H, An YJ, Kim J, Kim JH, Hwang ES, Park JH, Hong J, Koo BS.","Arch Virol. 2020 Aug;165(8):1739-1748. doi: 10.1007/s00705-020-04653-z. Epub 2020 May 14.","Hwang EH","Arch Virol","2020","2020/05/16","PMC7351809","","10.1007/s00705-020-04653-z"
"25149418","Climate change and the emergence of vector-borne diseases in Europe: case study of dengue fever","Bouzid M, Colón-González FJ, Lung T, Lake IR, Hunter PR.","BMC Public Health. 2014 Aug 22;14:781. doi: 10.1186/1471-2458-14-781.","Bouzid M","BMC Public Health","2014","2014/08/24","PMC4143568","","10.1186/1471-2458-14-781"
"32853197","A greener vision for vector control: The example of the Singapore dengue control programme","Sim S, Ng LC, Lindsay SW, Wilson AL.","PLoS Negl Trop Dis. 2020 Aug 27;14(8):e0008428. doi: 10.1371/journal.pntd.0008428. eCollection 2020 Aug.","Sim S","PLoS Negl Trop Dis","2020","2020/08/28","PMC7451545","","10.1371/journal.pntd.0008428"
"25591942","Testing the impact of virus importation rates and future climate change on dengue activity in Malaysia using a mechanistic entomology and disease model","Williams CR, Gill BS, Mincham G, Mohd Zaki AH, Abdullah N, Mahiyuddin WR, Ahmad R, Shahar MK, Harley D, Viennet E, Azil A, Kamaluddin A.","Epidemiol Infect. 2015 Oct;143(13):2856-64. doi: 10.1017/S095026881400380X. Epub 2015 Jan 16.","Williams CR","Epidemiol Infect","2015","2015/01/17","","","10.1017/S095026881400380X"
"23144746","Climate change, population immunity, and hyperendemicity in the transmission threshold of dengue","Oki M, Yamamoto T.","PLoS One. 2012;7(10):e48258. doi: 10.1371/journal.pone.0048258. Epub 2012 Oct 29.","Oki M","PLoS One","2012","2012/11/13","PMC3483158","","10.1371/journal.pone.0048258"
"27696381","Climate change and the epidemiology of selected tick-borne and mosquito-borne diseases: update from the International Society of Dermatology Climate Change Task Force","Andersen LK, Davis MD.","Int J Dermatol. 2017 Mar;56(3):252-259. doi: 10.1111/ijd.13438. Epub 2016 Oct 1.","Andersen LK","Int J Dermatol","2017","2016/10/04","","","10.1111/ijd.13438"
"29360797","Present and Future of Dengue Fever in Nepal: Mapping Climatic Suitability by Ecological Niche Model","Acharya BK, Cao C, Xu M, Khanal L, Naeem S, Pandit S.","Int J Environ Res Public Health. 2018 Jan 23;15(2):187. doi: 10.3390/ijerph15020187.","Acharya BK","Int J Environ Res Public Health","2018","2018/01/24","PMC5857046","","10.3390/ijerph15020187"
"28717366","Interrelationship between Climatic, Ecologic, Social, and Cultural Determinants Affecting Dengue Emergence and Transmission in Puerto Rico and Their Implications for Zika Response","Matysiak A, Roess A.","J Trop Med. 2017;2017:8947067. doi: 10.1155/2017/8947067. Epub 2017 Jun 22.","Matysiak A","J Trop Med","2017","2017/07/19","PMC5498925","","10.1155/2017/8947067"
"29764403","Meteorological factors affecting dengue incidence in Davao, Philippines","Iguchi JA, Seposo XT, Honda Y.","BMC Public Health. 2018 May 15;18(1):629. doi: 10.1186/s12889-018-5532-4.","Iguchi JA","BMC Public Health","2018","2018/05/17","PMC5952851","","10.1186/s12889-018-5532-4"
"31940405","A scoping review of importation and predictive models related to vector-borne diseases, pathogens, reservoirs, or vectors (1999-2016)","Sadeghieh T, Waddell LA, Ng V, Hall A, Sargeant J.","PLoS One. 2020 Jan 15;15(1):e0227678. doi: 10.1371/journal.pone.0227678. eCollection 2020.","Sadeghieh T","PLoS One","2020","2020/01/16","PMC6961930","","10.1371/journal.pone.0227678"
"30045631","Climate Variability and Dengue Hemorrhagic Fever in Hanoi, Viet Nam, During 2008 to 2015","Thi Tuyet-Hanh T, Nhat Cam N, Thi Thanh Huong L, Khanh Long T, Mai Kien T, Thi Kim Hanh D, Huu Quyen N, Nu Quy Linh T, Rocklöv J, Quam M, Van Minh H.","Asia Pac J Public Health. 2018 Sep;30(6):532-541. doi: 10.1177/1010539518790143. Epub 2018 Jul 25.","Thi Tuyet-Hanh T","Asia Pac J Public Health","2018","2018/07/27","","","10.1177/1010539518790143"
"32889681","Cellular and molecular mechanisms of DEET toxicity and disease-carrying insect vectors: a review","Shrestha B, Lee Y.","Genes Genomics. 2020 Oct;42(10):1131-1144. doi: 10.1007/s13258-020-00991-z. Epub 2020 Sep 5.","Shrestha B","Genes Genomics","2020","2020/09/05","","","10.1007/s13258-020-00991-z"
"30560735","Novel tools for the surveillance and control of dengue: findings by the DengueTools research consortium","Wilder-Smith A, Tissera H, AbuBakar S, Kittayapong P, Logan J, Neumayr A, Rocklöv J, Byass P, Louis VR, Tozan Y, Massad E, Preet R.","Glob Health Action. 2018;11(1):1549930. doi: 10.1080/16549716.2018.1549930.","Wilder-Smith A","Glob Health Action","2018","2018/12/19","PMC6282436","","10.1080/16549716.2018.1549930"
"29844166","Limiting global-mean temperature increase to 1.5-2 °C could reduce the incidence and spatial spread of dengue fever in Latin America","Colón-González FJ, Harris I, Osborn TJ, Steiner São Bernardo C, Peres CA, Hunter PR, Lake IR.","Proc Natl Acad Sci U S A. 2018 Jun 12;115(24):6243-6248. doi: 10.1073/pnas.1718945115. Epub 2018 May 29.","Colón-González FJ","Proc Natl Acad Sci U S A","2018","2018/05/31","PMC6004471","","10.1073/pnas.1718945115"
"21273162","Impacts of climate change on public health in India: future research directions","Bush KF, Luber G, Kotha SR, Dhaliwal RS, Kapil V, Pascual M, Brown DG, Frumkin H, Dhiman RC, Hess J, Wilson ML, Balakrishnan K, Eisenberg J, Kaur T, Rood R, Batterman S, Joseph A, Gronlund CJ, Agrawal A, Hu H.","Environ Health Perspect. 2011 Jun;119(6):765-70. doi: 10.1289/ehp.1003000. Epub 2011 Jan 27.","Bush KF","Environ Health Perspect","2011","2011/01/29","PMC3114809","","10.1289/ehp.1003000"
"24159433","The effect of global warming on infectious diseases","Kurane I.","Osong Public Health Res Perspect. 2010 Dec;1(1):4-9. doi: 10.1016/j.phrp.2010.12.004. Epub 2010 Dec 7.","Kurane I","Osong Public Health Res Perspect","2010","2013/10/26","PMC3766891","","10.1016/j.phrp.2010.12.004"
"22723781","Global climate change and its potential impact on disease transmission by salinity-tolerant mosquito vectors in coastal zones","Ramasamy R, Surendran SN.","Front Physiol. 2012 Jun 19;3:198. doi: 10.3389/fphys.2012.00198. eCollection 2012.","Ramasamy R","Front Physiol","2012","2012/06/23","PMC3377959","","10.3389/fphys.2012.00198"
"22451836","DengueTools: innovative tools and strategies for the surveillance and control of dengue","Wilder-Smith A, Renhorn KE, Tissera H, Abu Bakar S, Alphey L, Kittayapong P, Lindsay S, Logan J, Hatz C, Reiter P, Rocklöv J, Byass P, Louis VR, Tozan Y, Massad E, Tenorio A, Lagneau C, L'Ambert G, Brooks D, Wegerdt J, Gubler D.","Glob Health Action. 2012;5. doi: 10.3402/gha.v5i0.17273. Epub 2012 Mar 22.","Wilder-Smith A","Glob Health Action","2012","2012/03/28","PMC3312611","","10.3402/gha.v5i0.17273"
"21464067","Disease appearance and evolution against a background of climate change and reduced resources","Yacoub S, Kotit S, Yacoub MH.","Philos Trans A Math Phys Eng Sci. 2011 May 13;369(1942):1719-29. doi: 10.1098/rsta.2011.0013.","Yacoub S","Philos Trans A Math Phys Eng Sci","2011","2011/04/06","","","10.1098/rsta.2011.0013"
"25172160","Dengue and dengue vectors in the WHO European region: past, present, and scenarios for the future","Schaffner F, Mathis A.","Lancet Infect Dis. 2014 Dec;14(12):1271-80. doi: 10.1016/S1473-3099(14)70834-5. Epub 2014 Aug 26.","Schaffner F","Lancet Infect Dis","2014","2014/08/31","","","10.1016/S1473-3099(14)70834-5"
"12243917","Potential effect of population and climate changes on global distribution of dengue fever: an empirical model","Hales S, de Wet N, Maindonald J, Woodward A.","Lancet. 2002 Sep 14;360(9336):830-4. doi: 10.1016/S0140-6736(02)09964-6.","Hales S","Lancet","2002","2002/09/24","","","10.1016/S0140-6736(02)09964-6"
"25474599","Chikungunya, climate change, and human rights","Meason B, Paterson R.","Health Hum Rights. 2014 Jun 14;16(1):105-12.","Meason B","Health Hum Rights","2014","2014/12/05","","",""
"29709630","Space-time clusters and co-occurrence of chikungunya and dengue fever in Colombia from 2015 to 2016","Desjardins MR, Whiteman A, Casas I, Delmelle E.","Acta Trop. 2018 Sep;185:77-85. doi: 10.1016/j.actatropica.2018.04.023. Epub 2018 Apr 27.","Desjardins MR","Acta Trop","2018","2018/05/01","","","10.1016/j.actatropica.2018.04.023"
"12540254","The impact of climate change on child health","Bunyavanich S, Landrigan CP, McMichael AJ, Epstein PR.","Ambul Pediatr. 2003 Jan-Feb;3(1):44-52. doi: 10.1367/1539-4409(2003)003<0044:tiocco>2.0.co;2.","Bunyavanich S","Ambul Pediatr","2003","2003/01/24","","","10.1367/1539-4409(2003)003<0044:tiocco>2.0.co;2"
"19124300","Climate change and the transmission of vector-borne diseases: a review","Zhang Y, Bi P, Hiller JE.","Asia Pac J Public Health. 2008;20(1):64-76. doi: 10.1177/1010539507308385.","Zhang Y","Asia Pac J Public Health","2008","2009/01/07","","","10.1177/1010539507308385"
"23497420","Climate change and mosquito-borne diseases in China: a review","Bai L, Morton LC, Liu Q.","Global Health. 2013 Mar 9;9:10. doi: 10.1186/1744-8603-9-10.","Bai L","Global Health","2013","2013/03/19","PMC3605364","","10.1186/1744-8603-9-10"
"18819669","The impact of climate change on the epidemiology and control of Rift Valley fever","Martin V, Chevalier V, Ceccato P, Anyamba A, De Simone L, Lubroth J, de La Rocque S, Domenech J.","Rev Sci Tech. 2008 Aug;27(2):413-26.","Martin V","Rev Sci Tech","2008","2008/09/30","","",""
"29907109","Epidemiological trends and risk factors associated with dengue disease in Pakistan (1980-2014): a systematic literature search and analysis","Khan J, Khan I, Ghaffar A, Khalid B.","BMC Public Health. 2018 Jun 15;18(1):745. doi: 10.1186/s12889-018-5676-2.","Khan J","BMC Public Health","2018","2018/06/17","PMC6003098","","10.1186/s12889-018-5676-2"
"20165606","Climate change and health: Why should India be concerned?","Majra JP, Gur A.","Indian J Occup Environ Med. 2009 Apr;13(1):11-6. doi: 10.4103/0019-5278.50717.","Majra JP","Indian J Occup Environ Med","2009","2010/02/19","PMC2822161","","10.4103/0019-5278.50717"
"24291765","Projecting the impact of climate change on dengue transmission in Dhaka, Bangladesh","Banu S, Hu W, Guo Y, Hurst C, Tong S.","Environ Int. 2014 Feb;63:137-42. doi: 10.1016/j.envint.2013.11.002. Epub 2013 Nov 28.","Banu S","Environ Int","2014","2013/12/03","","","10.1016/j.envint.2013.11.002"
"25511880","Perceptions of climate change and its impact on human health: an integrated quantitative and qualitative approach","Toan do TT, Kien VD, Bao Giang K, Van Minh H, Wright P.","Glob Health Action. 2014 Dec 8;7:23025. doi: 10.3402/gha.v7.23025. eCollection 2014.","Toan do TT","Glob Health Action","2014","2014/12/17","PMC4265644","","10.3402/gha.v7.23025"
"30743113","Modeling the present and future distribution of arbovirus vectors Aedes aegypti and Aedes albopictus under climate change scenarios in Mainland China","Liu B, Gao X, Ma J, Jiao Z, Xiao J, Hayat MA, Wang H.","Sci Total Environ. 2019 May 10;664:203-214. doi: 10.1016/j.scitotenv.2019.01.301. Epub 2019 Feb 1.","Liu B","Sci Total Environ","2019","2019/02/12","","","10.1016/j.scitotenv.2019.01.301"
"32166444","Dengue NS1 detection in pediatric serum using microfluidic paper-based analytical devices","Prabowo MH, Chatchen S, Rijiravanich P, Limkittikul K, Surareungchai W.","Anal Bioanal Chem. 2020 May;412(12):2915-2925. doi: 10.1007/s00216-020-02527-6. Epub 2020 Mar 12.","Prabowo MH","Anal Bioanal Chem","2020","2020/03/14","","","10.1007/s00216-020-02527-6"
"31909268","Geographic shifts in the bioclimatic suitability for Aedes aegypti under climate change scenarios in Colombia","Portilla Cabrera CV, Selvaraj JJ.","Heliyon. 2019 Dec 31;6(1):e03101. doi: 10.1016/j.heliyon.2019.e03101. eCollection 2020 Jan.","Portilla Cabrera CV","Heliyon","2019","2020/01/08","PMC6940634","","10.1016/j.heliyon.2019.e03101"
"22506663","Dengue fever-like illnesses: how different are they from each other?","Gulati S, Maheshwari A.","Scand J Infect Dis. 2012 Jul;44(7):522-30. doi: 10.3109/00365548.2012.669044. Epub 2012 Apr 16.","Gulati S","Scand J Infect Dis","2012","2012/04/18","","","10.3109/00365548.2012.669044"
"22938568","Mapping vulnerability to climate change and its repercussions on human health in Pakistan","Malik SM, Awan H, Khan N.","Global Health. 2012 Sep 3;8:31. doi: 10.1186/1744-8603-8-31.","Malik SM","Global Health","2012","2012/09/04","PMC3477077","","10.1186/1744-8603-8-31"
"33187952","Emerging arboviruses in the urbanized Amazon rainforest","Lowe R, Lee S, Martins Lana R, Torres Codeço C, Castro MC, Pascual M.","BMJ. 2020 Nov 13;371:m4385. doi: 10.1136/bmj.m4385.","Lowe R","BMJ","2020","2020/11/14","PMC7664915","","10.1136/bmj.m4385"
"24836442","Accounting for health in climate change policies: a case study of Fiji","Morrow G, Bowen K.","Glob Health Action. 2014 May 15;7:23550. doi: 10.3402/gha.v7.23550. eCollection 2014.","Morrow G","Glob Health Action","2014","2014/05/20","PMC4024158","","10.3402/gha.v7.23550"
"26931545","Genomic approaches for understanding dengue: insights from the virus, vector, and host","Sim S, Hibberd ML.","Genome Biol. 2016 Mar 2;17:38. doi: 10.1186/s13059-016-0907-2.","Sim S","Genome Biol","2016","2016/03/03","PMC4774013","","10.1186/s13059-016-0907-2"
"25582074","Impact on human health of climate changes","Franchini M, Mannucci PM.","Eur J Intern Med. 2015 Jan;26(1):1-5. doi: 10.1016/j.ejim.2014.12.008. Epub 2015 Jan 10.","Franchini M","Eur J Intern Med","2015","2015/01/14","","","10.1016/j.ejim.2014.12.008"
"27681327","Climate Change Influences Potential Distribution of Infected Aedes aegypti Co-Occurrence with Dengue Epidemics Risk Areas in Tanzania","Mweya CN, Kimera SI, Stanley G, Misinzo G, Mboera LE.","PLoS One. 2016 Sep 28;11(9):e0162649. doi: 10.1371/journal.pone.0162649. eCollection 2016.","Mweya CN","PLoS One","2016","2016/09/30","PMC5040426","","10.1371/journal.pone.0162649"
"24521625","Climate change & infectious diseases in India: implications for health care providers","Dhara VR, Schramm PJ, Luber G.","Indian J Med Res. 2013 Dec;138(6):847-52.","Dhara VR","Indian J Med Res","2013","2014/02/14","PMC3978971","",""
"26342006","Dengue fever in Pakistan: a paradigm shift; changing epidemiology and clinical patterns","Haider Z, Ahmad FZ, Mahmood A, Waseem T, Shafiq I, Raza T, Qazi J, Siddique N, Humayun MA.","Perspect Public Health. 2015 Nov;135(6):294-8. doi: 10.1177/1757913915599019. Epub 2015 Sep 4.","Haider Z","Perspect Public Health","2015","2015/09/06","","","10.1177/1757913915599019"
"27088733","Perceptions of capacity for infectious disease control and prevention to meet the challenges of dengue fever in the face of climate change: A survey among CDC staff in Guangdong Province, China","Tong MX, Hansen A, Hanson-Easey S, Xiang J, Cameron S, Liu Q, Liu X, Sun Y, Weinstein P, Han GS, Williams C, Bi P.","Environ Res. 2016 Jul;148:295-302. doi: 10.1016/j.envres.2016.03.043. Epub 2016 Apr 16.","Tong MX","Environ Res","2016","2016/04/19","","","10.1016/j.envres.2016.03.043"
"29689060","The changing epidemiological pattern of Dengue in Swat, Khyber Pakhtunkhwa","Khan J, Ghaffar A, Khan SA.","PLoS One. 2018 Apr 24;13(4):e0195706. doi: 10.1371/journal.pone.0195706. eCollection 2018.","Khan J","PLoS One","2018","2018/04/25","PMC5916521","","10.1371/journal.pone.0195706"
"30810657","Climatic variables associated with dengue incidence in a city of the Western Brazilian Amazon region","Duarte JL, Diaz-Quijano FA, Batista AC, Giatti LL.","Rev Soc Bras Med Trop. 2019 Feb 21;52:e20180429. doi: 10.1590/0037-8682-0429-2018.","Duarte JL","Rev Soc Bras Med Trop","2019","2019/02/28","","","10.1590/0037-8682-0429-2018"
"27317512","Emerging infectious diseases with cutaneous manifestations: Viral and bacterial infections","Nawas ZY, Tong Y, Kollipara R, Peranteau AJ, Woc-Colburn L, Yan AC, Lupi O, Tyring SK.","J Am Acad Dermatol. 2016 Jul;75(1):1-16. doi: 10.1016/j.jaad.2016.04.033.","Nawas ZY","J Am Acad Dermatol","2016","2016/06/19","","","10.1016/j.jaad.2016.04.033"
"21714376","Health impacts of climate change and biosecurity in the Asian Pacific region","Sly PD.","Rev Environ Health. 2011;26(1):7-12. doi: 10.1515/reveh.2011.002.","Sly PD","Rev Environ Health","2011","2011/07/01","","","10.1515/reveh.2011.002"
"27713106","An Analysis of the Potential Impact of Climate Change on Dengue Transmission in the Southeastern United States","Butterworth MK, Morin CW, Comrie AC.","Environ Health Perspect. 2017 Apr;125(4):579-585. doi: 10.1289/EHP218. Epub 2016 Oct 7.","Butterworth MK","Environ Health Perspect","2017","2016/10/08","PMC5381975","","10.1289/EHP218"
"11019462","Climate change and vector-borne diseases: a regional analysis","Githeko AK, Lindsay SW, Confalonieri UE, Patz JA.","Bull World Health Organ. 2000;78(9):1136-47.","Githeko AK","Bull World Health Organ","2000","2000/10/06","PMC2560843","",""
"32295629","The 'lifecycle' of human beings: a call to explore vector-borne diseases from an ecosystem perspective","Muurlink OT, Taylor-Robinson AW.","Infect Dis Poverty. 2020 Apr 16;9(1):37. doi: 10.1186/s40249-020-00653-y.","Muurlink OT","Infect Dis Poverty","2020","2020/04/17","PMC7161208","","10.1186/s40249-020-00653-y"
"30669393","Establishment of an Alphavirus-Specific Neutralization Assay to Distinguish Infections with Different Members of the Semliki Forest complex","Henss L, Yue C, Kandler J, Faddy HM, Simmons G, Panning M, Lewis-Ximenez LL, Baylis SA, Schnierle BS.","Viruses. 2019 Jan 18;11(1):82. doi: 10.3390/v11010082.","Henss L","Viruses","2019","2019/01/24","PMC6356848","","10.3390/v11010082"
"27982119","Declining Prevalence of Disease Vectors Under Climate Change","Escobar LE, Romero-Alvarez D, Leon R, Lepe-Lopez MA, Craft ME, Borbor-Cordova MJ, Svenning JC.","Sci Rep. 2016 Dec 16;6:39150. doi: 10.1038/srep39150.","Escobar LE","Sci Rep","2016","2016/12/17","PMC5159793","","10.1038/srep39150"
"28986822","Global Spread of Hemorrhagic Fever Viruses: Predicting Pandemics","Gonzalez JP, Souris M, Valdivia-Granda W.","Methods Mol Biol. 2018;1604:3-31. doi: 10.1007/978-1-4939-6981-4_1.","Gonzalez JP","Methods Mol Biol","2018","2017/10/08","PMC7120037","","10.1007/978-1-4939-6981-4_1"
"32358588","Accelerating invasion potential of disease vector Aedes aegypti under climate change","Iwamura T, Guzman-Holst A, Murray KA.","Nat Commun. 2020 May 1;11(1):2130. doi: 10.1038/s41467-020-16010-4.","Iwamura T","Nat Commun","2020","2020/05/03","PMC7195482","","10.1038/s41467-020-16010-4"
"29546194","Climate Variability and Dengue Hemorrhagic Fever in Ba Tri District, Ben Tre Province, Vietnam during 2004-2014","Phuong LTD, Hanh TTT, Nam VS.","AIMS Public Health. 2016 Sep 26;3(4):769-780. doi: 10.3934/publichealth.2016.4.769. eCollection 2016.","Phuong LTD","AIMS Public Health","2016","2018/03/17","PMC5690404","","10.3934/publichealth.2016.4.769"
"18327504","Aedes aegypti, Aedes albopictus, and dengue in Argentina: current knowledge and future directions","Vezzani D, Carbajo AE.","Mem Inst Oswaldo Cruz. 2008 Feb;103(1):66-74. doi: 10.1590/s0074-02762008005000003. Epub 2008 Jan 31.","Vezzani D","Mem Inst Oswaldo Cruz","2008","2008/03/11","","","10.1590/s0074-02762008005000003"
"26940504","Zika fever and congenital Zika syndrome: An unexpected emerging arboviral disease","Chan JF, Choi GK, Yip CC, Cheng VC, Yuen KY.","J Infect. 2016 May;72(5):507-24. doi: 10.1016/j.jinf.2016.02.011. Epub 2016 Mar 3.","Chan JF","J Infect","2016","2016/03/05","PMC7112603","","10.1016/j.jinf.2016.02.011"
"26796862","Aedes aegypti (L.) in Latin American and Caribbean region: With growing evidence for vector adaptation to climate change?","Chadee DD, Martinez R.","Acta Trop. 2016 Apr;156:137-43. doi: 10.1016/j.actatropica.2015.12.022. Epub 2016 Jan 12.","Chadee DD","Acta Trop","2016","2016/01/23","","","10.1016/j.actatropica.2015.12.022"
"26632645","The interrelationship between dengue incidence and diurnal ranges of temperature and humidity in a Sri Lankan city and its potential applications","Ehelepola ND, Ariyaratne K.","Glob Health Action. 2015 Dec 1;8:29359. doi: 10.3402/gha.v8.29359. eCollection 2015.","Ehelepola ND","Glob Health Action","2015","2015/12/04","PMC4668265","","10.3402/gha.v8.29359"
"26848847","A Comprehensive Entomological, Serological and Molecular Study of 2013 Dengue Outbreak of Swat, Khyber Pakhtunkhwa, Pakistan","Khan J, Khan I, Amin I.","PLoS One. 2016 Feb 5;11(2):e0147416. doi: 10.1371/journal.pone.0147416. eCollection 2016.","Khan J","PLoS One","2016","2016/02/06","PMC4746065","","10.1371/journal.pone.0147416"
"28369149","Socioeconomic and environmental determinants of dengue transmission in an urban setting: An ecological study in Nouméa, New Caledonia","Zellweger RM, Cano J, Mangeas M, Taglioni F, Mercier A, Despinoy M, Menkès CE, Dupont-Rouzeyrol M, Nikolay B, Teurlai M.","PLoS Negl Trop Dis. 2017 Apr 3;11(4):e0005471. doi: 10.1371/journal.pntd.0005471. eCollection 2017 Apr.","Zellweger RM","PLoS Negl Trop Dis","2017","2017/04/04","PMC5395238","","10.1371/journal.pntd.0005471"
"32676492","Psychosocial and Socio-Economic Crisis in Bangladesh Due to COVID-19 Pandemic: A Perception-Based Assessment","Bodrud-Doza M, Shammi M, Bahlman L, Islam ARMT, Rahman MM.","Front Public Health. 2020 Jun 26;8:341. doi: 10.3389/fpubh.2020.00341. eCollection 2020.","Bodrud-Doza M","Front Public Health","2020","2020/07/18","PMC7333562","","10.3389/fpubh.2020.00341"
"29228986","Addressing vulnerability, building resilience: community-based adaptation to vector-borne diseases in the context of global change","Bardosh KL, Ryan SJ, Ebi K, Welburn S, Singer B.","Infect Dis Poverty. 2017 Dec 11;6(1):166. doi: 10.1186/s40249-017-0375-2.","Bardosh KL","Infect Dis Poverty","2017","2017/12/13","PMC5725972","","10.1186/s40249-017-0375-2"
"33024706","A review on prediction of seasonal diseases based on climate change using big data","Indhumathi K, Sathesh Kumar K.","Mater Today Proc. 2020 Oct 2. doi: 10.1016/j.matpr.2020.08.517. Online ahead of print.","Indhumathi K","Mater Today Proc","2020","2020/10/07","PMC7530581","","10.1016/j.matpr.2020.08.517"
"25216253","Assessing climate variability effects on dengue incidence in San Juan, Puerto Rico","Méndez-Lázaro P, Muller-Karger FE, Otis D, McCarthy MJ, Peña-Orellana M.","Int J Environ Res Public Health. 2014 Sep 11;11(9):9409-28. doi: 10.3390/ijerph110909409.","Méndez-Lázaro P","Int J Environ Res Public Health","2014","2014/09/13","PMC4199026","","10.3390/ijerph110909409"
"31057572","Epitope Presentation of Dengue Viral Envelope Glycoprotein Domain III on Hepatitis B Core Protein Virus-Like Particles Produced in Nicotiana benthamiana","Pang EL, Peyret H, Ramirez A, Loh HS, Lai KS, Fang CM, Rosenberg WM, Lomonossoff GP.","Front Plant Sci. 2019 Apr 16;10:455. doi: 10.3389/fpls.2019.00455. eCollection 2019.","Pang EL","Front Plant Sci","2019","2019/05/07","PMC6477658","","10.3389/fpls.2019.00455"
"11516383","Early effects of climate change: do they include changes in vector-borne disease?","Kovats RS, Campbell-Lendrum DH, McMichael AJ, Woodward A, Cox JS.","Philos Trans R Soc Lond B Biol Sci. 2001 Jul 29;356(1411):1057-68. doi: 10.1098/rstb2001.0894.","Kovats RS","Philos Trans R Soc Lond B Biol Sci","2001","2001/08/23","PMC1088500","","10.1098/rstb2001.0894"
"27883970","Association between dengue fever incidence and meteorological factors in Guangzhou, China, 2005-2014","Xiang J, Hansen A, Liu Q, Liu X, Tong MX, Sun Y, Cameron S, Hanson-Easey S, Han GS, Williams C, Weinstein P, Bi P.","Environ Res. 2017 Feb;153:17-26. doi: 10.1016/j.envres.2016.11.009. Epub 2016 Nov 22.","Xiang J","Environ Res","2017","2016/11/25","","","10.1016/j.envres.2016.11.009"
